image_path,label,labels_num
./faces_TM/glickman/glickman_left_neutral_sunglasses_4.jpg,left,0
./faces_TM/glickman/glickman_up_neutral_sunglasses_4.jpg,up,3
./faces_TM/glickman/glickman_left_angry_open_4.jpg,left,0
./faces_TM/glickman/glickman_right_angry_sunglasses_4.jpg,right,1
./faces_TM/glickman/glickman_right_neutral_sunglasses_4.jpg,right,1
./faces_TM/glickman/glickman_left_happy_sunglasses_4.jpg,left,0
./faces_TM/glickman/glickman_up_happy_open_4.jpg,up,3
./faces_TM/glickman/glickman_straight_angry_sunglasses_4.jpg,straight,2
./faces_TM/glickman/glickman_straight_neutral_sunglasses_4.jpg,straight,2
./faces_TM/glickman/glickman_straight_neutral_open_4.jpg,straight,2
./faces_TM/glickman/glickman_up_sad_open_4.jpg,up,3
./faces_TM/glickman/glickman_left_neutral_open_4.jpg,left,0
./faces_TM/glickman/glickman_right_happy_open_4.jpg,right,1
./faces_TM/glickman/glickman_straight_happy_open_4.jpg,straight,2
./faces_TM/glickman/glickman_up_happy_sunglasses_4.jpg,up,3
./faces_TM/glickman/glickman_straight_sad_sunglasses_4.jpg,straight,2
./faces_TM/glickman/glickman_left_angry_sunglasses_4.jpg,left,0
./faces_TM/glickman/glickman_straight_happy_sunglasses_4.jpg,straight,2
./faces_TM/glickman/glickman_right_sad_sunglasses_4.jpg,right,1
./faces_TM/glickman/glickman_up_angry_open_4.jpg,up,3
./faces_TM/glickman/glickman_up_angry_sunglasses_4.jpg,up,3
./faces_TM/glickman/glickman_right_neutral_open_4.jpg,right,1
./faces_TM/glickman/glickman_right_angry_open_4.jpg,right,1
./faces_TM/glickman/glickman_left_sad_sunglasses_4.jpg,left,0
./faces_TM/glickman/glickman_straight_sad_open_4.jpg,straight,2
./faces_TM/glickman/glickman_up_neutral_open_4.jpg,up,3
./faces_TM/glickman/glickman_left_sad_open_4.jpg,left,0
./faces_TM/glickman/glickman_right_happy_sunglasses_4.jpg,right,1
./faces_TM/glickman/glickman_left_happy_open_4.jpg,left,0
./faces_TM/glickman/glickman_up_sad_sunglasses_4.jpg,up,3
./faces_TM/karyadi/karyadi_up_sad_sunglasses_4.jpg,up,3
./faces_TM/karyadi/karyadi_up_happy_sunglasses_4.jpg,up,3
./faces_TM/karyadi/karyadi_straight_happy_open_4.jpg,straight,2
./faces_TM/karyadi/karyadi_right_happy_open_4.jpg,right,1
./faces_TM/karyadi/karyadi_straight_happy_sunglasses_4.jpg,straight,2
./faces_TM/karyadi/karyadi_left_angry_open_4.jpg,left,0
./faces_TM/karyadi/karyadi_up_happy_open_4.jpg,up,3
./faces_TM/karyadi/karyadi_right_angry_sunglasses_4.jpg,right,1
./faces_TM/karyadi/karyadi_left_happy_sunglasses_4.jpg,left,0
./faces_TM/karyadi/karyadi_straight_sad_open_4.jpg,straight,2
./faces_TM/karyadi/karyadi_straight_neutral_open_4.jpg,straight,2
./faces_TM/karyadi/karyadi_up_neutral_sunglasses_4.jpg,up,3
./faces_TM/karyadi/karyadi_right_neutral_open_4.jpg,right,1
./faces_TM/karyadi/karyadi_up_sad_open_4.jpg,up,3
./faces_TM/karyadi/karyadi_left_neutral_open_4.jpg,left,0
./faces_TM/karyadi/karyadi_left_neutral_sunglasses_4.jpg,left,0
./faces_TM/karyadi/karyadi_left_sad_open_4.jpg,left,0
./faces_TM/karyadi/karyadi_straight_sad_sunglasses_4.jpg,straight,2
./faces_TM/karyadi/karyadi_up_angry_sunglasses_4.jpg,up,3
./faces_TM/karyadi/karyadi_right_neutral_sunglasses_4.jpg,right,1
./faces_TM/karyadi/karyadi_right_sad_sunglasses_4.jpg,right,1
./faces_TM/karyadi/karyadi_straight_angry_sunglasses_4.jpg,straight,2
./faces_TM/karyadi/karyadi_left_sad_sunglasses_4.jpg,left,0
./faces_TM/karyadi/karyadi_right_sad_open_4.jpg,right,1
./faces_TM/karyadi/karyadi_straight_neutral_sunglasses_4.jpg,straight,2
./faces_TM/karyadi/karyadi_up_neutral_open_4.jpg,up,3
./faces_TM/karyadi/karyadi_straight_angry_open_4.jpg,straight,2
./faces_TM/karyadi/karyadi_right_angry_open_4.jpg,right,1
./faces_TM/karyadi/karyadi_left_angry_sunglasses_4.jpg,left,0
./faces_TM/karyadi/karyadi_left_happy_open_4.jpg,left,0
./faces_TM/karyadi/karyadi_up_angry_open_4.jpg,up,3
./faces_TM/danieln/danieln_left_sad_open_4.jpg,left,0
./faces_TM/danieln/danieln_left_neutral_open_4.jpg,left,0
./faces_TM/danieln/danieln_up_sad_open_4.jpg,up,3
./faces_TM/danieln/danieln_right_happy_open_4.jpg,right,1
./faces_TM/danieln/danieln_right_sad_sunglasses_4.jpg,right,1
./faces_TM/danieln/danieln_left_sad_sunglasses_4.jpg,left,0
./faces_TM/danieln/danieln_right_neutral_sunglasses_4.jpg,right,1
./faces_TM/danieln/danieln_left_happy_open_4.jpg,left,0
./faces_TM/danieln/danieln_straight_neutral_sunglasses_4.jpg,straight,2
./faces_TM/danieln/danieln_up_angry_sunglasses_4.jpg,up,3
./faces_TM/danieln/danieln_up_angry_open_4.jpg,up,3
./faces_TM/danieln/danieln_up_neutral_open_4.jpg,up,3
./faces_TM/danieln/danieln_right_happy_sunglasses_4.jpg,right,1
./faces_TM/danieln/danieln_straight_angry_open_4.jpg,straight,2
./faces_TM/danieln/danieln_right_sad_open_4.jpg,right,1
./faces_TM/danieln/danieln_left_angry_sunglasses_4.jpg,left,0
./faces_TM/danieln/danieln_straight_happy_open_4.jpg,straight,2
./faces_TM/danieln/danieln_up_happy_sunglasses_4.jpg,up,3
./faces_TM/danieln/danieln_up_sad_sunglasses_4.jpg,up,3
./faces_TM/danieln/danieln_left_angry_open_4.jpg,left,0
./faces_TM/danieln/danieln_straight_angry_sunglasses_4.jpg,straight,2
./faces_TM/danieln/danieln_right_angry_sunglasses_4.jpg,right,1
./faces_TM/danieln/danieln_straight_sad_open_4.jpg,straight,2
./faces_TM/danieln/danieln_straight_neutral_open_4.jpg,straight,2
./faces_TM/danieln/danieln_up_happy_open_4.jpg,up,3
./faces_TM/danieln/danieln_straight_sad_sunglasses_4.jpg,straight,2
./faces_TM/danieln/danieln_left_happy_sunglasses_4.jpg,left,0
./faces_TM/danieln/danieln_left_neutral_sunglasses_4.jpg,left,0
./faces_TM/danieln/danieln_right_angry_open_4.jpg,right,1
./faces_TM/danieln/danieln_right_neutral_open_4.jpg,right,1
./faces_TM/danieln/danieln_up_neutral_sunglasses_4.jpg,up,3
./faces_TM/saavik/saavik_left_angry_sunglasses_4.jpg,left,0
./faces_TM/saavik/saavik_right_neutral_sunglasses_4.jpg,right,1
./faces_TM/saavik/saavik_up_sad_open_4.jpg,up,3
./faces_TM/saavik/saavik_left_happy_open_4.jpg,left,0
./faces_TM/saavik/saavik_right_happy_sunglasses_4.jpg,right,1
./faces_TM/saavik/saavik_up_neutral_open_4.jpg,up,3
./faces_TM/saavik/saavik_up_happy_open_4.jpg,up,3
./faces_TM/saavik/saavik_up_sad_sunglasses_4.jpg,up,3
./faces_TM/saavik/saavik_right_angry_open_4.jpg,right,1
./faces_TM/saavik/saavik_up_happy_sunglasses_4.jpg,up,3
./faces_TM/saavik/saavik_straight_angry_sunglasses_4.jpg,straight,2
./faces_TM/saavik/saavik_straight_happy_open_4.jpg,straight,2
./faces_TM/saavik/saavik_right_sad_open_4.jpg,right,1
./faces_TM/saavik/saavik_straight_sad_open_4.jpg,straight,2
./faces_TM/saavik/saavik_straight_angry_open_4.jpg,straight,2
./faces_TM/saavik/saavik_straight_sad_sunglasses_4.jpg,straight,2
./faces_TM/saavik/saavik_up_neutral_sunglasses_4.jpg,up,3
./faces_TM/saavik/saavik_right_neutral_open_4.jpg,right,1
./faces_TM/saavik/saavik_straight_neutral_sunglasses_4.jpg,straight,2
./faces_TM/saavik/saavik_up_angry_open_4.jpg,up,3
./faces_TM/saavik/saavik_up_angry_sunglasses_4.jpg,up,3
./faces_TM/saavik/saavik_straight_happy_sunglasses_4.jpg,straight,2
./faces_TM/saavik/saavik_left_sad_sunglasses_4.jpg,left,0
./faces_TM/saavik/saavik_right_happy_open_4.jpg,right,1
./faces_TM/saavik/saavik_left_happy_sunglasses_4.jpg,left,0
./faces_TM/saavik/saavik_left_angry_open_4.jpg,left,0
./faces_TM/saavik/saavik_straight_neutral_open_4.jpg,straight,2
./faces_TM/saavik/saavik_left_sad_open_4.jpg,left,0
./faces_TM/saavik/saavik_right_angry_sunglasses_4.jpg,right,1
./faces_TM/saavik/saavik_right_sad_sunglasses_4.jpg,right,1
./faces_TM/saavik/saavik_left_neutral_sunglasses_4.jpg,left,0
./faces_TM/saavik/saavik_left_neutral_open_4.jpg,left,0
./faces_TM/mitchell/mitchell_left_happy_sunglasses_4.jpg,left,0
./faces_TM/mitchell/mitchell_left_sad_open_4.jpg,left,0
./faces_TM/mitchell/mitchell_straight_neutral_open_4.jpg,straight,2
./faces_TM/mitchell/mitchell_left_angry_open_4.jpg,left,0
./faces_TM/mitchell/mitchell_straight_angry_sunglasses_4.jpg,straight,2
./faces_TM/mitchell/mitchell_right_sad_sunglasses_4.jpg,right,1
./faces_TM/mitchell/mitchell_left_neutral_open_4.jpg,left,0
./faces_TM/mitchell/mitchell_straight_happy_open_4.jpg,straight,2
./faces_TM/mitchell/mitchell_up_angry_open_4.jpg,up,3
./faces_TM/mitchell/mitchell_right_neutral_open_4.jpg,right,1
./faces_TM/mitchell/mitchell_right_angry_open_4.jpg,right,1
./faces_TM/mitchell/mitchell_up_sad_open_4.jpg,up,3
./faces_TM/mitchell/mitchell_up_angry_sunglasses_4.jpg,up,3
./faces_TM/mitchell/mitchell_up_sad_sunglasses_4.jpg,up,3
./faces_TM/mitchell/mitchell_right_happy_open_4.jpg,right,1
./faces_TM/mitchell/mitchell_left_sad_sunglasses_4.jpg,left,0
./faces_TM/mitchell/mitchell_straight_neutral_sunglasses_4.jpg,straight,2
./faces_TM/mitchell/mitchell_right_sad_open_4.jpg,right,1
./faces_TM/mitchell/mitchell_up_happy_open_4.jpg,up,3
./faces_TM/mitchell/mitchell_left_neutral_sunglasses_4.jpg,left,0
./faces_TM/mitchell/mitchell_straight_sad_open_4.jpg,straight,2
./faces_TM/mitchell/mitchell_right_neutral_sunglasses_4.jpg,right,1
./faces_TM/mitchell/mitchell_left_happy_open_4.jpg,left,0
./faces_TM/mitchell/mitchell_straight_sad_sunglasses_4.jpg,straight,2
./faces_TM/mitchell/mitchell_right_happy_sunglasses_4.jpg,right,1
./faces_TM/mitchell/mitchell_left_angry_sunglasses_4.jpg,left,0
./faces_TM/mitchell/mitchell_up_neutral_open_4.jpg,up,3
./faces_TM/mitchell/mitchell_straight_happy_sunglasses_4.jpg,straight,2
./faces_TM/tammo/tammo_straight_sad_sunglasses_4.jpg,straight,2
./faces_TM/tammo/tammo_left_angry_sunglasses_4.jpg,left,0
./faces_TM/tammo/tammo_right_neutral_sunglasses_4.jpg,right,1
./faces_TM/tammo/tammo_straight_angry_sunglasses_4.jpg,straight,2
./faces_TM/tammo/tammo_right_angry_sunglasses_4.jpg,right,1
./faces_TM/tammo/tammo_right_sad_sunglasses_4.jpg,right,1
./faces_TM/tammo/tammo_up_happy_open_4.jpg,up,3
./faces_TM/tammo/tammo_left_neutral_open_4.jpg,left,0
./faces_TM/tammo/tammo_up_neutral_open_4.jpg,up,3
./faces_TM/tammo/tammo_up_happy_sunglasses_4.jpg,up,3
./faces_TM/tammo/tammo_straight_happy_open_4.jpg,straight,2
./faces_TM/tammo/tammo_left_neutral_sunglasses_4.jpg,left,0
./faces_TM/tammo/tammo_left_happy_open_4.jpg,left,0
./faces_TM/tammo/tammo_up_neutral_sunglasses_4.jpg,up,3
./faces_TM/tammo/tammo_straight_angry_open_4.jpg,straight,2
./faces_TM/tammo/tammo_left_angry_open_4.jpg,left,0
./faces_TM/tammo/tammo_left_sad_sunglasses_4.jpg,left,0
./faces_TM/tammo/tammo_up_sad_open_4.jpg,up,3
./faces_TM/tammo/tammo_up_angry_sunglasses_4.jpg,up,3
./faces_TM/tammo/tammo_up_angry_open_4.jpg,up,3
./faces_TM/tammo/tammo_straight_neutral_open_4.jpg,straight,2
./faces_TM/tammo/tammo_left_happy_sunglasses_4.jpg,left,0
./faces_TM/tammo/tammo_straight_sad_open_4.jpg,straight,2
./faces_TM/tammo/tammo_up_sad_sunglasses_4.jpg,up,3
./faces_TM/tammo/tammo_right_angry_open_4.jpg,right,1
./faces_TM/tammo/tammo_left_sad_open_4.jpg,left,0
./faces_TM/tammo/tammo_straight_neutral_sunglasses_4.jpg,straight,2
./faces_TM/tammo/tammo_right_happy_sunglasses_4.jpg,right,1
./faces_TM/tammo/tammo_right_neutral_open_4.jpg,right,1
./faces_TM/tammo/tammo_straight_happy_sunglasses_4.jpg,straight,2
./faces_TM/phoebe/phoebe_right_neutral_sunglasses_4.jpg,right,1
./faces_TM/phoebe/phoebe_right_angry_open_4.jpg,right,1
./faces_TM/phoebe/phoebe_left_angry_sunglasses_4.jpg,left,0
./faces_TM/phoebe/phoebe_left_neutral_sunglasses_4.jpg,left,0
./faces_TM/phoebe/phoebe_up_sad_open_4.jpg,up,3
./faces_TM/phoebe/phoebe_up_happy_open_4.jpg,up,3
./faces_TM/phoebe/phoebe_straight_neutral_sunglasses_4.jpg,straight,2
./faces_TM/phoebe/phoebe_straight_angry_sunglasses_4.jpg,straight,2
./faces_TM/phoebe/phoebe_right_sad_open_4.jpg,right,1
./faces_TM/phoebe/phoebe_straight_sad_open_4.jpg,straight,2
./faces_TM/phoebe/phoebe_right_angry_sunglasses_4.jpg,right,1
./faces_TM/phoebe/phoebe_straight_sad_sunglasses_4.jpg,straight,2
./faces_TM/phoebe/phoebe_right_sad_sunglasses_4.jpg,right,1
./faces_TM/phoebe/phoebe_up_sad_sunglasses_4.jpg,up,3
./faces_TM/phoebe/phoebe_up_neutral_open_4.jpg,up,3
./faces_TM/phoebe/phoebe_left_happy_open_4.jpg,left,0
./faces_TM/phoebe/phoebe_straight_happy_open_4.jpg,straight,2
./faces_TM/phoebe/phoebe_right_neutral_open_4.jpg,right,1
./faces_TM/phoebe/phoebe_up_happy_sunglasses_4.jpg,up,3
./faces_TM/phoebe/phoebe_up_neutral_sunglasses_4.jpg,up,3
./faces_TM/phoebe/phoebe_right_happy_sunglasses_4.jpg,right,1
./faces_TM/phoebe/phoebe_straight_happy_sunglasses_4.jpg,straight,2
./faces_TM/phoebe/phoebe_left_sad_open_4.jpg,left,0
./faces_TM/phoebe/phoebe_straight_angry_open_4.jpg,straight,2
./faces_TM/phoebe/phoebe_left_sad_sunglasses_4.jpg,left,0
./faces_TM/phoebe/phoebe_up_angry_sunglasses_4.jpg,up,3
./faces_TM/phoebe/phoebe_left_neutral_open_4.jpg,left,0
./faces_TM/phoebe/phoebe_straight_neutral_open_4.jpg,straight,2
./faces_TM/phoebe/phoebe_up_angry_open_4.jpg,up,3
./faces_TM/phoebe/phoebe_left_happy_sunglasses_4.jpg,left,0
./faces_TM/phoebe/phoebe_right_happy_open_4.jpg,right,1
./faces_TM/ch4f/ch4f_right_neutral_open_4.jpg,right,1
./faces_TM/ch4f/ch4f_straight_happy_sunglasses_4.jpg,straight,2
./faces_TM/ch4f/ch4f_up_happy_sunglasses_4.jpg,up,3
./faces_TM/ch4f/ch4f_left_happy_open_4.jpg,left,0
./faces_TM/ch4f/ch4f_straight_happy_open_4.jpg,straight,2
./faces_TM/ch4f/ch4f_up_neutral_sunglasses_4.jpg,up,3
./faces_TM/ch4f/ch4f_up_neutral_open_4.jpg,up,3
./faces_TM/ch4f/ch4f_right_angry_open_4.jpg,right,1
./faces_TM/ch4f/ch4f_up_happy_open_4.jpg,up,3
./faces_TM/ch4f/ch4f_left_neutral_open_4.jpg,left,0
./faces_TM/ch4f/ch4f_right_angry_sunglasses_4.jpg,right,1
./faces_TM/ch4f/ch4f_right_neutral_sunglasses_4.jpg,right,1
./faces_TM/ch4f/ch4f_left_happy_sunglasses_4.jpg,left,0
./faces_TM/ch4f/ch4f_straight_neutral_open_4.jpg,straight,2
./faces_TM/ch4f/ch4f_up_sad_open_4.jpg,up,3
./faces_TM/ch4f/ch4f_right_happy_sunglasses_4.jpg,right,1
./faces_TM/ch4f/ch4f_up_sad_sunglasses_4.jpg,up,3
./faces_TM/ch4f/ch4f_left_sad_open_4.jpg,left,0
./faces_TM/ch4f/ch4f_left_angry_sunglasses_4.jpg,left,0
./faces_TM/ch4f/ch4f_straight_neutral_sunglasses_4.jpg,straight,2
./faces_TM/ch4f/ch4f_left_neutral_sunglasses_4.jpg,left,0
./faces_TM/ch4f/ch4f_straight_sad_open_4.jpg,straight,2
./faces_TM/ch4f/ch4f_straight_angry_open_4.jpg,straight,2
./faces_TM/ch4f/ch4f_straight_sad_sunglasses_4.jpg,straight,2
./faces_TM/ch4f/ch4f_left_angry_open_4.jpg,left,0
./faces_TM/ch4f/ch4f_straight_angry_sunglasses_4.jpg,straight,2
./faces_TM/ch4f/ch4f_right_sad_open_4.jpg,right,1
./faces_TM/ch4f/ch4f_up_angry_open_4.jpg,up,3
./faces_TM/ch4f/ch4f_right_happy_open_4.jpg,right,1
./faces_TM/ch4f/ch4f_up_angry_sunglasses_4.jpg,up,3
./faces_TM/ch4f/ch4f_right_sad_sunglasses_4.jpg,right,1
./faces_TM/ch4f/ch4f_left_sad_sunglasses_4.jpg,left,0
./faces_TM/boland/boland_up_sad_open_4.jpg,up,3
./faces_TM/boland/boland_up_neutral_sunglasses_4.jpg,up,3
./faces_TM/boland/boland_right_neutral_open_4.jpg,right,1
./faces_TM/boland/boland_right_sad_sunglasses_4.jpg,right,1
./faces_TM/boland/boland_up_happy_open_4.jpg,up,3
./faces_TM/boland/boland_right_happy_sunglasses_4.jpg,right,1
./faces_TM/boland/boland_left_angry_open_4.jpg,left,0
./faces_TM/boland/boland_left_happy_sunglasses_4.jpg,left,0
./faces_TM/boland/boland_straight_neutral_open_4.jpg,straight,2
./faces_TM/boland/boland_right_sad_open_4.jpg,right,1
./faces_TM/boland/boland_up_happy_sunglasses_4.jpg,up,3
./faces_TM/boland/boland_straight_happy_open_4.jpg,straight,2
./faces_TM/boland/boland_up_sad_sunglasses_4.jpg,up,3
./faces_TM/boland/boland_right_happy_open_4.jpg,right,1
./faces_TM/boland/boland_straight_happy_sunglasses_4.jpg,straight,2
./faces_TM/boland/boland_straight_sad_open_4.jpg,straight,2
./faces_TM/boland/boland_straight_neutral_sunglasses_4.jpg,straight,2
./faces_TM/boland/boland_left_angry_sunglasses_4.jpg,left,0
./faces_TM/boland/boland_left_sad_sunglasses_4.jpg,left,0
./faces_TM/boland/boland_right_angry_open_4.jpg,right,1
./faces_TM/boland/boland_up_angry_sunglasses_4.jpg,up,3
./faces_TM/boland/boland_straight_angry_sunglasses_4.jpg,straight,2
./faces_TM/boland/boland_straight_angry_open_4.jpg,straight,2
./faces_TM/boland/boland_left_sad_open_4.jpg,left,0
./faces_TM/boland/boland_right_neutral_sunglasses_4.jpg,right,1
./faces_TM/boland/boland_straight_sad_sunglasses_4.jpg,straight,2
./faces_TM/boland/boland_left_happy_open_4.jpg,left,0
./faces_TM/boland/boland_left_neutral_sunglasses_4.jpg,left,0
./faces_TM/boland/boland_up_neutral_open_4.jpg,up,3
./faces_TM/boland/boland_right_angry_sunglasses_4.jpg,right,1
./faces_TM/boland/boland_left_neutral_open_4.jpg,left,0
./faces_TM/boland/boland_up_angry_open_4.jpg,up,3
./faces_TM/at33/at33_up_angry_open_4.jpg,up,3
./faces_TM/at33/at33_right_angry_open_4.jpg,right,1
./faces_TM/at33/at33_straight_sad_open_4.jpg,straight,2
./faces_TM/at33/at33_up_neutral_open_4.jpg,up,3
./faces_TM/at33/at33_right_sad_open_4.jpg,right,1
./faces_TM/at33/at33_left_happy_open_4.jpg,left,0
./faces_TM/at33/at33_right_happy_sunglasses_4.jpg,right,1
./faces_TM/at33/at33_left_angry_sunglasses_4.jpg,left,0
./faces_TM/at33/at33_up_sad_sunglasses_4.jpg,up,3
./faces_TM/at33/at33_left_neutral_sunglasses_4.jpg,left,0
./faces_TM/at33/at33_straight_sad_sunglasses_4.jpg,straight,2
./faces_TM/at33/at33_left_sad_open_4.jpg,left,0
./faces_TM/at33/at33_straight_happy_sunglasses_4.jpg,straight,2
./faces_TM/at33/at33_straight_happy_open_4.jpg,straight,2
./faces_TM/at33/at33_up_happy_sunglasses_4.jpg,up,3
./faces_TM/at33/at33_straight_neutral_sunglasses_4.jpg,straight,2
./faces_TM/at33/at33_right_neutral_sunglasses_4.jpg,right,1
./faces_TM/at33/at33_left_neutral_open_4.jpg,left,0
./faces_TM/at33/at33_left_sad_sunglasses_4.jpg,left,0
./faces_TM/at33/at33_straight_angry_sunglasses_4.jpg,straight,2
./faces_TM/at33/at33_up_angry_sunglasses_4.jpg,up,3
./faces_TM/at33/at33_up_neutral_sunglasses_4.jpg,up,3
./faces_TM/at33/at33_straight_angry_open_4.jpg,straight,2
./faces_TM/at33/at33_right_sad_sunglasses_4.jpg,right,1
./faces_TM/at33/at33_right_neutral_open_4.jpg,right,1
./faces_TM/at33/at33_straight_neutral_open_4.jpg,straight,2
./faces_TM/at33/at33_right_happy_open_4.jpg,right,1
./faces_TM/at33/at33_up_happy_open_4.jpg,up,3
./faces_TM/at33/at33_left_happy_sunglasses_4.jpg,left,0
./faces_TM/at33/at33_right_angry_sunglasses_4.jpg,right,1
./faces_TM/at33/at33_left_angry_open_4.jpg,left,0
./faces_TM/at33/at33_up_sad_open_4.jpg,up,3
./faces_TM/bpm/bpm_right_neutral_open_4.jpg,right,1
./faces_TM/bpm/bpm_right_angry_open_4.jpg,right,1
./faces_TM/bpm/bpm_straight_happy_sunglasses_4.jpg,straight,2
./faces_TM/bpm/bpm_straight_neutral_open_4.jpg,straight,2
./faces_TM/bpm/bpm_right_sad_open_4.jpg,right,1
./faces_TM/bpm/bpm_left_happy_sunglasses_4.jpg,left,0
./faces_TM/bpm/bpm_left_neutral_open_4.jpg,left,0
./faces_TM/bpm/bpm_up_happy_sunglasses_4.jpg,up,3
./faces_TM/bpm/bpm_straight_happy_open_4.jpg,straight,2
./faces_TM/bpm/bpm_up_angry_open_4.jpg,up,3
./faces_TM/bpm/bpm_straight_neutral_sunglasses_4.jpg,straight,2
./faces_TM/bpm/bpm_right_angry_sunglasses_4.jpg,right,1
./faces_TM/bpm/bpm_left_angry_open_4.jpg,left,0
./faces_TM/bpm/bpm_up_neutral_sunglasses_4.jpg,up,3
./faces_TM/bpm/bpm_left_sad_open_4.jpg,left,0
./faces_TM/bpm/bpm_left_neutral_sunglasses_4.jpg,left,0
./faces_TM/bpm/bpm_right_sad_sunglasses_4.jpg,right,1
./faces_TM/bpm/bpm_right_happy_sunglasses_4.jpg,right,1
./faces_TM/bpm/bpm_up_sad_sunglasses_4.jpg,up,3
./faces_TM/bpm/bpm_left_happy_open_4.jpg,left,0
./faces_TM/bpm/bpm_straight_sad_open_4.jpg,straight,2
./faces_TM/bpm/bpm_up_neutral_open_4.jpg,up,3
./faces_TM/bpm/bpm_up_sad_open_4.jpg,up,3
./faces_TM/bpm/bpm_right_neutral_sunglasses_4.jpg,right,1
./faces_TM/bpm/bpm_straight_angry_open_4.jpg,straight,2
./faces_TM/bpm/bpm_up_happy_open_4.jpg,up,3
./faces_TM/bpm/bpm_straight_angry_sunglasses_4.jpg,straight,2
./faces_TM/bpm/bpm_left_angry_sunglasses_4.jpg,left,0
./faces_TM/bpm/bpm_up_angry_sunglasses_4.jpg,up,3
./faces_TM/bpm/bpm_right_happy_open_4.jpg,right,1
./faces_TM/bpm/bpm_straight_sad_sunglasses_4.jpg,straight,2
./faces_TM/bpm/bpm_left_sad_sunglasses_4.jpg,left,0
./faces_TM/cheyer/cheyer_left_neutral_open_4.jpg,left,0
./faces_TM/cheyer/cheyer_up_angry_open_4.jpg,up,3
./faces_TM/cheyer/cheyer_up_angry_sunglasses_4.jpg,up,3
./faces_TM/cheyer/cheyer_left_sad_sunglasses_4.jpg,left,0
./faces_TM/cheyer/cheyer_right_sad_open_4.jpg,right,1
./faces_TM/cheyer/cheyer_right_happy_open_4.jpg,right,1
./faces_TM/cheyer/cheyer_straight_angry_sunglasses_4.jpg,straight,2
./faces_TM/cheyer/cheyer_straight_angry_open_4.jpg,straight,2
./faces_TM/cheyer/cheyer_left_neutral_sunglasses_4.jpg,left,0
./faces_TM/cheyer/cheyer_up_neutral_sunglasses_4.jpg,up,3
./faces_TM/cheyer/cheyer_right_happy_sunglasses_4.jpg,right,1
./faces_TM/cheyer/cheyer_left_sad_open_4.jpg,left,0
./faces_TM/cheyer/cheyer_right_sad_sunglasses_4.jpg,right,1
./faces_TM/cheyer/cheyer_straight_sad_sunglasses_4.jpg,straight,2
./faces_TM/cheyer/cheyer_left_angry_open_4.jpg,left,0
./faces_TM/cheyer/cheyer_straight_neutral_open_4.jpg,straight,2
./faces_TM/cheyer/cheyer_left_happy_sunglasses_4.jpg,left,0
./faces_TM/cheyer/cheyer_right_neutral_sunglasses_4.jpg,right,1
./faces_TM/cheyer/cheyer_straight_neutral_sunglasses_4.jpg,straight,2
./faces_TM/cheyer/cheyer_left_happy_open_4.jpg,left,0
./faces_TM/cheyer/cheyer_straight_sad_open_4.jpg,straight,2
./faces_TM/cheyer/cheyer_up_sad_open_4.jpg,up,3
./faces_TM/cheyer/cheyer_up_neutral_open_4.jpg,up,3
./faces_TM/cheyer/cheyer_left_angry_sunglasses_4.jpg,left,0
./faces_TM/cheyer/cheyer_up_sad_sunglasses_4.jpg,up,3
./faces_TM/cheyer/cheyer_up_happy_sunglasses_4.jpg,up,3
./faces_TM/cheyer/cheyer_straight_happy_open_4.jpg,straight,2
./faces_TM/cheyer/cheyer_straight_happy_sunglasses_4.jpg,straight,2
./faces_TM/cheyer/cheyer_up_happy_open_4.jpg,up,3
./faces_TM/cheyer/cheyer_right_angry_sunglasses_4.jpg,right,1
./faces_TM/cheyer/cheyer_right_neutral_open_4.jpg,right,1
./faces_TM/cheyer/cheyer_right_angry_open_4.jpg,right,1
./faces_TM/steffi/steffi_straight_happy_sunglasses_4.jpg,straight,2
./faces_TM/steffi/steffi_left_sad_sunglasses_4.jpg,left,0
./faces_TM/steffi/steffi_straight_sad_sunglasses_4.jpg,straight,2
./faces_TM/steffi/steffi_left_neutral_open_4.jpg,left,0
./faces_TM/steffi/steffi_up_angry_sunglasses_4.jpg,up,3
./faces_TM/steffi/steffi_right_angry_sunglasses_4.jpg,right,1
./faces_TM/steffi/steffi_up_angry_open_4.jpg,up,3
./faces_TM/steffi/steffi_left_happy_open_4.jpg,left,0
./faces_TM/steffi/steffi_up_neutral_open_4.jpg,up,3
./faces_TM/steffi/steffi_straight_angry_open_4.jpg,straight,2
./faces_TM/steffi/steffi_left_angry_sunglasses_4.jpg,left,0
./faces_TM/steffi/steffi_right_angry_open_4.jpg,right,1
./faces_TM/steffi/steffi_left_sad_open_4.jpg,left,0
./faces_TM/steffi/steffi_right_neutral_sunglasses_4.jpg,right,1
./faces_TM/steffi/steffi_left_neutral_sunglasses_4.jpg,left,0
./faces_TM/steffi/steffi_right_neutral_open_4.jpg,right,1
./faces_TM/steffi/steffi_right_happy_open_4.jpg,right,1
./faces_TM/steffi/steffi_up_sad_open_4.jpg,up,3
./faces_TM/steffi/steffi_straight_sad_open_4.jpg,straight,2
./faces_TM/steffi/steffi_straight_neutral_open_4.jpg,straight,2
./faces_TM/steffi/steffi_left_happy_sunglasses_4.jpg,left,0
./faces_TM/steffi/steffi_up_sad_sunglasses_4.jpg,up,3
./faces_TM/steffi/steffi_right_sad_sunglasses_4.jpg,right,1
./faces_TM/steffi/steffi_right_sad_open_4.jpg,right,1
./faces_TM/steffi/steffi_left_angry_open_4.jpg,left,0
./faces_TM/steffi/steffi_up_happy_open_4.jpg,up,3
./faces_TM/steffi/steffi_straight_angry_sunglasses_4.jpg,straight,2
./faces_TM/steffi/steffi_up_neutral_sunglasses_4.jpg,up,3
./faces_TM/steffi/steffi_up_happy_sunglasses_4.jpg,up,3
./faces_TM/steffi/steffi_straight_happy_open_4.jpg,straight,2
./faces_TM/steffi/steffi_right_happy_sunglasses_4.jpg,right,1
./faces_TM/steffi/steffi_straight_neutral_sunglasses_4.jpg,straight,2
./faces_TM/kk49/kk49_up_happy_sunglasses_4.jpg,up,3
./faces_TM/kk49/kk49_straight_happy_open_4.jpg,straight,2
./faces_TM/kk49/kk49_straight_angry_sunglasses_4.jpg,straight,2
./faces_TM/kk49/kk49_right_angry_sunglasses_4.jpg,right,1
./faces_TM/kk49/kk49_up_neutral_open_4.jpg,up,3
./faces_TM/kk49/kk49_left_happy_open_4.jpg,left,0
./faces_TM/kk49/kk49_right_neutral_sunglasses_4.jpg,right,1
./faces_TM/kk49/kk49_left_angry_sunglasses_4.jpg,left,0
./faces_TM/kk49/kk49_left_neutral_open_4.jpg,left,0
./faces_TM/kk49/kk49_up_happy_open_4.jpg,up,3
./faces_TM/kk49/kk49_straight_neutral_sunglasses_4.jpg,straight,2
./faces_TM/kk49/kk49_right_happy_open_4.jpg,right,1
./faces_TM/kk49/kk49_right_sad_sunglasses_4.jpg,right,1
./faces_TM/kk49/kk49_up_angry_open_4.jpg,up,3
./faces_TM/kk49/kk49_right_neutral_open_4.jpg,right,1
./faces_TM/kk49/kk49_up_sad_open_4.jpg,up,3
./faces_TM/kk49/kk49_straight_neutral_open_4.jpg,straight,2
./faces_TM/kk49/kk49_right_angry_open_4.jpg,right,1
./faces_TM/kk49/kk49_left_happy_sunglasses_4.jpg,left,0
./faces_TM/kk49/kk49_straight_sad_sunglasses_4.jpg,straight,2
./faces_TM/kk49/kk49_right_sad_open_4.jpg,right,1
./faces_TM/kk49/kk49_left_angry_open_4.jpg,left,0
./faces_TM/kk49/kk49_up_angry_sunglasses_4.jpg,up,3
./faces_TM/kk49/kk49_left_sad_open_4.jpg,left,0
./faces_TM/kk49/kk49_up_neutral_sunglasses_4.jpg,up,3
./faces_TM/kk49/kk49_left_neutral_sunglasses_4.jpg,left,0
./faces_TM/kk49/kk49_up_sad_sunglasses_4.jpg,up,3
./faces_TM/kk49/kk49_left_sad_sunglasses_4.jpg,left,0
./faces_TM/kk49/kk49_straight_angry_open_4.jpg,straight,2
./faces_TM/kk49/kk49_straight_sad_open_4.jpg,straight,2
./faces_TM/kk49/kk49_right_happy_sunglasses_4.jpg,right,1
./faces_TM/kk49/kk49_straight_happy_sunglasses_4.jpg,straight,2
./faces_TM/an2i/an2i_left_neutral_sunglasses_4.jpg,left,0
./faces_TM/an2i/an2i_right_neutral_sunglasses_4.jpg,right,1
./faces_TM/an2i/an2i_right_angry_open_4.jpg,right,1
./faces_TM/an2i/an2i_up_sad_open_4.jpg,up,3
./faces_TM/an2i/an2i_left_angry_sunglasses_4.jpg,left,0
./faces_TM/an2i/an2i_right_sad_open_4.jpg,right,1
./faces_TM/an2i/an2i_straight_neutral_sunglasses_4.jpg,straight,2
./faces_TM/an2i/an2i_straight_happy_sunglasses_4.jpg,straight,2
./faces_TM/an2i/an2i_left_sad_open_4.jpg,left,0
./faces_TM/an2i/an2i_up_sad_sunglasses_4.jpg,up,3
./faces_TM/an2i/an2i_right_angry_sunglasses_4.jpg,right,1
./faces_TM/an2i/an2i_left_angry_open_4.jpg,left,0
./faces_TM/an2i/an2i_right_sad_sunglasses_4.jpg,right,1
./faces_TM/an2i/an2i_straight_sad_open_4.jpg,straight,2
./faces_TM/an2i/an2i_up_angry_open_4.jpg,up,3
./faces_TM/an2i/an2i_straight_sad_sunglasses_4.jpg,straight,2
./faces_TM/an2i/an2i_up_happy_sunglasses_4.jpg,up,3
./faces_TM/an2i/an2i_straight_happy_open_4.jpg,straight,2
./faces_TM/an2i/an2i_left_happy_open_4.jpg,left,0
./faces_TM/an2i/an2i_up_happy_open_4.jpg,up,3
./faces_TM/an2i/an2i_up_neutral_sunglasses_4.jpg,up,3
./faces_TM/an2i/an2i_straight_angry_open_4.jpg,straight,2
./faces_TM/an2i/an2i_right_neutral_open_4.jpg,right,1
./faces_TM/an2i/an2i_up_neutral_open_4.jpg,up,3
./faces_TM/an2i/an2i_right_happy_sunglasses_4.jpg,right,1
./faces_TM/an2i/an2i_left_sad_sunglasses_4.jpg,left,0
./faces_TM/an2i/an2i_up_angry_sunglasses_4.jpg,up,3
./faces_TM/an2i/an2i_straight_neutral_open_4.jpg,straight,2
./faces_TM/an2i/an2i_left_happy_sunglasses_4.jpg,left,0
./faces_TM/an2i/an2i_straight_angry_sunglasses_4.jpg,straight,2
./faces_TM/an2i/an2i_left_neutral_open_4.jpg,left,0
./faces_TM/an2i/an2i_right_happy_open_4.jpg,right,1