image_path,label,labels_num
./faces_TM/sz24/sz24_right_neutral_sunglasses_4.jpg,right,1
./faces_TM/sz24/sz24_straight_sad_open_4.jpg,straight,2
./faces_TM/sz24/sz24_up_sad_sunglasses_4.jpg,up,3
./faces_TM/sz24/sz24_left_angry_open_4.jpg,left,0
./faces_TM/sz24/sz24_up_neutral_sunglasses_4.jpg,up,3
./faces_TM/sz24/sz24_up_happy_open_4.jpg,up,3
./faces_TM/sz24/sz24_right_angry_sunglasses_4.jpg,right,1
./faces_TM/sz24/sz24_straight_angry_sunglasses_4.jpg,straight,2
./faces_TM/sz24/sz24_right_neutral_open_4.jpg,right,1
./faces_TM/sz24/sz24_straight_happy_open_4.jpg,straight,2
./faces_TM/sz24/sz24_right_happy_open_4.jpg,right,1
./faces_TM/sz24/sz24_up_happy_sunglasses_4.jpg,up,3
./faces_TM/sz24/sz24_straight_neutral_open_4.jpg,straight,2
./faces_TM/sz24/sz24_left_happy_sunglasses_4.jpg,left,0
./faces_TM/sz24/sz24_right_sad_open_4.jpg,right,1
./faces_TM/sz24/sz24_right_happy_sunglasses_4.jpg,right,1
./faces_TM/sz24/sz24_right_angry_open_4.jpg,right,1
./faces_TM/sz24/sz24_straight_angry_open_4.jpg,straight,2
./faces_TM/sz24/sz24_left_neutral_open_4.jpg,left,0
./faces_TM/sz24/sz24_straight_happy_sunglasses_4.jpg,straight,2
./faces_TM/sz24/sz24_left_sad_open_4.jpg,left,0
./faces_TM/sz24/sz24_up_angry_sunglasses_4.jpg,up,3
./faces_TM/sz24/sz24_left_sad_sunglasses_4.jpg,left,0
./faces_TM/sz24/sz24_left_angry_sunglasses_4.jpg,left,0
./faces_TM/sz24/sz24_left_happy_open_4.jpg,left,0
./faces_TM/sz24/sz24_straight_neutral_sunglasses_4.jpg,straight,2
./faces_TM/sz24/sz24_up_neutral_open_4.jpg,up,3
./faces_TM/sz24/sz24_right_sad_sunglasses_4.jpg,right,1
./faces_TM/sz24/sz24_up_angry_open_4.jpg,up,3
./faces_TM/sz24/sz24_straight_sad_sunglasses_4.jpg,straight,2
./faces_TM/sz24/sz24_up_sad_open_4.jpg,up,3
./faces_TM/megak/megak_left_sad_sunglasses_4.jpg,left,0
./faces_TM/megak/megak_up_angry_sunglasses_4.jpg,up,3
./faces_TM/megak/megak_up_angry_open_4.jpg,up,3
./faces_TM/megak/megak_right_angry_open_4.jpg,right,1
./faces_TM/megak/megak_straight_angry_open_4.jpg,straight,2
./faces_TM/megak/megak_left_angry_sunglasses_4.jpg,left,0
./faces_TM/megak/megak_right_neutral_open_4.jpg,right,1
./faces_TM/megak/megak_straight_angry_sunglasses_4.jpg,straight,2
./faces_TM/megak/megak_straight_sad_open_4.jpg,straight,2
./faces_TM/megak/megak_right_angry_sunglasses_4.jpg,right,1
./faces_TM/megak/megak_left_sad_open_4.jpg,left,0
./faces_TM/megak/megak_left_angry_open_4.jpg,left,0
./faces_TM/megak/megak_up_sad_open_4.jpg,up,3
./faces_TM/megak/megak_right_sad_open_4.jpg,right,1
./faces_TM/megak/megak_left_happy_open_4.jpg,left,0
./faces_TM/megak/megak_right_happy_sunglasses_4.jpg,right,1
./faces_TM/megak/megak_up_neutral_open_4.jpg,up,3
./faces_TM/megak/megak_right_sad_sunglasses_4.jpg,right,1
./faces_TM/megak/megak_up_neutral_sunglasses_4.jpg,up,3
./faces_TM/megak/megak_up_happy_open_4.jpg,up,3
./faces_TM/megak/megak_left_neutral_open_4.jpg,left,0
./faces_TM/megak/megak_up_happy_sunglasses_4.jpg,up,3
./faces_TM/megak/megak_right_neutral_sunglasses_4.jpg,right,1
./faces_TM/megak/megak_right_happy_open_4.jpg,right,1
./faces_TM/megak/megak_straight_happy_open_4.jpg,straight,2
./faces_TM/megak/megak_left_neutral_sunglasses_4.jpg,left,0
./faces_TM/megak/megak_straight_neutral_sunglasses_4.jpg,straight,2
./faces_TM/megak/megak_left_happy_sunglasses_4.jpg,left,0
./faces_TM/megak/megak_straight_neutral_open_4.jpg,straight,2
./faces_TM/megak/megak_straight_happy_sunglasses_4.jpg,straight,2
./faces_TM/night/night_straight_angry_sunglasses_4.jpg,straight,2
./faces_TM/night/night_right_angry_open_4.jpg,right,1
./faces_TM/night/night_straight_neutral_sunglasses_4.jpg,straight,2
./faces_TM/night/night_right_happy_sunglasses_4.jpg,right,1
./faces_TM/night/night_up_angry_sunglasses_4.jpg,up,3
./faces_TM/night/night_up_sad_sunglasses_4.jpg,up,3
./faces_TM/night/night_left_angry_sunglasses_4.jpg,left,0
./faces_TM/night/night_left_sad_sunglasses_4.jpg,left,0
./faces_TM/night/night_right_sad_open_4.jpg,right,1
./faces_TM/night/night_up_happy_open_4.jpg,up,3
./faces_TM/night/night_straight_sad_open_4.jpg,straight,2
./faces_TM/night/night_straight_angry_open_4.jpg,straight,2
./faces_TM/night/night_up_neutral_open_4.jpg,up,3
./faces_TM/night/night_right_neutral_sunglasses_4.jpg,right,1
./faces_TM/night/night_left_happy_open_4.jpg,left,0
./faces_TM/night/night_left_neutral_sunglasses_4.jpg,left,0
./faces_TM/night/night_right_angry_sunglasses_4.jpg,right,1
./faces_TM/night/night_up_happy_sunglasses_4.jpg,up,3
./faces_TM/night/night_straight_happy_open_4.jpg,straight,2
./faces_TM/night/night_left_angry_open_4.jpg,left,0
./faces_TM/night/night_left_happy_sunglasses_4.jpg,left,0
./faces_TM/night/night_straight_neutral_open_4.jpg,straight,2
./faces_TM/night/night_up_sad_open_4.jpg,up,3
./faces_TM/night/night_up_angry_open_4.jpg,up,3
./faces_TM/night/night_right_neutral_open_4.jpg,right,1
./faces_TM/night/night_right_sad_sunglasses_4.jpg,right,1
./faces_TM/night/night_up_neutral_sunglasses_4.jpg,up,3
./faces_TM/night/night_right_happy_open_4.jpg,right,1
./faces_TM/night/night_left_neutral_open_4.jpg,left,0
./faces_TM/night/night_straight_happy_sunglasses_4.jpg,straight,2
./faces_TM/night/night_straight_sad_sunglasses_4.jpg,straight,2
./faces_TM/night/night_left_sad_open_4.jpg,left,0
./faces_TM/choon/choon_right_angry_sunglasses_4.jpg,right,1
./faces_TM/choon/choon_left_neutral_sunglasses_4.jpg,left,0
./faces_TM/choon/choon_up_happy_open_4.jpg,up,3
./faces_TM/choon/choon_straight_sad_open_4.jpg,straight,2
./faces_TM/choon/choon_straight_happy_sunglasses_4.jpg,straight,2
./faces_TM/choon/choon_up_sad_sunglasses_4.jpg,up,3
./faces_TM/choon/choon_left_sad_sunglasses_4.jpg,left,0
./faces_TM/choon/choon_right_sad_open_4.jpg,right,1
./faces_TM/choon/choon_up_angry_sunglasses_4.jpg,up,3
./faces_TM/choon/choon_right_sad_sunglasses_4.jpg,right,1
./faces_TM/choon/choon_straight_sad_sunglasses_4.jpg,straight,2
./faces_TM/choon/choon_left_angry_open_4.jpg,left,0
./faces_TM/choon/choon_straight_angry_open_4.jpg,straight,2
./faces_TM/choon/choon_right_angry_open_4.jpg,right,1
./faces_TM/choon/choon_right_neutral_sunglasses_4.jpg,right,1
./faces_TM/choon/choon_left_happy_open_4.jpg,left,0
./faces_TM/choon/choon_up_neutral_open_4.jpg,up,3
./faces_TM/choon/choon_right_happy_open_4.jpg,right,1
./faces_TM/choon/choon_straight_happy_open_4.jpg,straight,2
./faces_TM/choon/choon_up_neutral_sunglasses_4.jpg,up,3
./faces_TM/choon/choon_up_happy_sunglasses_4.jpg,up,3
./faces_TM/choon/choon_left_neutral_open_4.jpg,left,0
./faces_TM/choon/choon_right_neutral_open_4.jpg,right,1
./faces_TM/choon/choon_straight_neutral_sunglasses_4.jpg,straight,2
./faces_TM/choon/choon_left_sad_open_4.jpg,left,0
./faces_TM/choon/choon_right_happy_sunglasses_4.jpg,right,1
./faces_TM/choon/choon_straight_neutral_open_4.jpg,straight,2
./faces_TM/choon/choon_up_sad_open_4.jpg,up,3
./faces_TM/choon/choon_left_happy_sunglasses_4.jpg,left,0
./faces_TM/choon/choon_straight_angry_sunglasses_4.jpg,straight,2
./faces_TM/choon/choon_up_angry_open_4.jpg,up,3
./faces_TM/kawamura/kawamura_right_angry_open_4.jpg,right,1
./faces_TM/kawamura/kawamura_straight_sad_sunglasses_4.jpg,straight,2
./faces_TM/kawamura/kawamura_left_happy_sunglasses_4.jpg,left,0
./faces_TM/kawamura/kawamura_right_neutral_sunglasses_4.jpg,right,1
./faces_TM/kawamura/kawamura_straight_neutral_open_4.jpg,straight,2
./faces_TM/kawamura/kawamura_straight_happy_sunglasses_4.jpg,straight,2
./faces_TM/kawamura/kawamura_straight_angry_open_4.jpg,straight,2
./faces_TM/kawamura/kawamura_right_happy_sunglasses_4.jpg,right,1
./faces_TM/kawamura/kawamura_up_sad_sunglasses_4.jpg,up,3
./faces_TM/kawamura/kawamura_left_neutral_sunglasses_4.jpg,left,0
./faces_TM/kawamura/kawamura_straight_sad_open_4.jpg,straight,2
./faces_TM/kawamura/kawamura_up_angry_sunglasses_4.jpg,up,3
./faces_TM/kawamura/kawamura_up_neutral_sunglasses_4.jpg,up,3
./faces_TM/kawamura/kawamura_left_happy_open_4.jpg,left,0
./faces_TM/kawamura/kawamura_left_sad_sunglasses_4.jpg,left,0
./faces_TM/kawamura/kawamura_up_neutral_open_4.jpg,up,3
./faces_TM/kawamura/kawamura_straight_angry_sunglasses_4.jpg,straight,2
./faces_TM/kawamura/kawamura_left_angry_open_4.jpg,left,0
./faces_TM/kawamura/kawamura_up_sad_open_4.jpg,up,3
./faces_TM/kawamura/kawamura_right_angry_sunglasses_4.jpg,right,1
./faces_TM/kawamura/kawamura_straight_neutral_sunglasses_4.jpg,straight,2
./faces_TM/kawamura/kawamura_straight_happy_open_4.jpg,straight,2
./faces_TM/kawamura/kawamura_up_happy_sunglasses_4.jpg,up,3
./faces_TM/kawamura/kawamura_right_neutral_open_4.jpg,right,1
./faces_TM/kawamura/kawamura_left_sad_open_4.jpg,left,0
./faces_TM/kawamura/kawamura_right_sad_open_4.jpg,right,1
./faces_TM/kawamura/kawamura_left_neutral_open_4.jpg,left,0
./faces_TM/kawamura/kawamura_left_angry_sunglasses_4.jpg,left,0
./faces_TM/kawamura/kawamura_right_sad_sunglasses_4.jpg,right,1
./faces_TM/kawamura/kawamura_right_happy_open_4.jpg,right,1
./faces_TM/kawamura/kawamura_up_angry_open_4.jpg,up,3